Date,Time,Plate_English,Plate_Arabic
2026-05-10,22:03:05,BaL567,ب و س ٥ ٦ ٧
2026-05-10,22:03:10,AZan1,ا هـ و م ١
2026-05-10,22:03:17,AZn1,ا هـ م ١
2026-05-10,22:03:21,1,١
2026-05-10,22:03:26,LBR4,س ب ع ٤
2026-05-10,22:04:28,PBE5495,ط ب ج ٥ ٤ ٩ ٥
2026-05-10,22:04:53,BRJ55,ب ع ر ٥ ٥
2026-05-10,22:07:58,55 BRJ,بعر ٥٥
2026-05-10,22:09:42,55 ERJ,جعر ٥٥
2026-05-10,22:10:15,6483 RbU,عيق ٦٤٨٣
2026-05-10,22:10:43,3945 PBE,طبج ٣٩٤٥
2026-05-10,22:10:57,4 , ٤
2026-05-10,22:11:10,888 RWb,علي ٨٨٨
2026-05-10,22:12:19,3945 PBE,طبج ٣٩٤٥
2026-05-10,22:12:41,888 RWb,علي ٨٨٨
2026-05-10,22:13:09,3945 PBE,طبج ٣٩٤٥
2026-05-10,22:13:28,3945 PBE,طبج ٣٩٤٥
2026-05-10,22:15:06,3945 PBE,طبج ٣٩٤٥
2026-05-10,22:18:11,3945EBP,٣٩٤٥جبط
2026-05-10,22:19:58,3945 PBE,طبج ٣٩٤٥
2026-05-10,22:21:21,3945 PBE,٣٩٤٥ ﺞﺒﻃ
2026-05-10,22:22:48,3945 PBE,طبج ٣٩٤٥
2026-05-10,22:25:08,3945 PBE,ط ب ج ٣٩٤٥
2026-05-10,22:25:15,2 , ٢
2026-05-10,22:25:18,6483 RbU,ع ي ق ٦٤٨٣
2026-05-10,22:25:39,25948 NE,ص ج ٢٥٩٤٨
2026-05-10,22:25:53,0 , ٠
2026-05-10,22:26:02,797 L,س ٧٩٧
2026-05-10,22:26:25,7594 LE,س ج ٧٥٩٤
2026-05-10,22:26:35,2977 LL,س س ٢٩٧٧
2026-05-10,22:26:43,3594 LE,س ج ٣٥٩٤
2026-05-10,22:29:09,3945 Bn,ب م ٣٩٤٥
2026-05-10,22:29:25,3945 PBE,ط ب ج ٣٩٤٥
2026-05-10,22:32:48,3945 PBE,ط ب ج ٣٩٤٥
2026-05-10,22:32:58,594 LLP,س س ط ٥٩٤
2026-05-10,22:33:06,777 LL,س س ٧٧٧
2026-05-10,22:34:05,97 LL,س س ٩٧
2026-05-10,22:38:19,5 , ٥
2026-05-10,22:38:37,3945 PBE,طبج ٣٩٤٥
2026-05-10,22:40:02,5 , ٥
2026-05-10,22:40:52,5 , ٥
2026-05-10,22:40:57,5 , ٥
2026-05-10,22:41:19,7 L,س ٧
2026-05-10,22:41:48,595 BE,بج ٥٩٥
2026-05-10,22:43:06,3945 PBE,ط ب ج ٣٩٤٥
2026-05-10,22:43:09,61 Abn,ا ي م ٦١
2026-05-10,22:43:19,11 AZn,ا هـ م ١١
2026-05-10,22:43:26,4 , ٤
2026-05-10,22:43:30,4 LBR,س ب ع ٤
2026-05-10,22:43:55,3945 PBE,ط ب ج ٣٩٤٥
2026-05-10,22:43:58,11 AZn,ا هـ م ١١
2026-05-10,22:44:02,1 AZn,ا هـ م ١
2026-05-10,22:44:06,0 , ٠
2026-05-10,22:44:18,6483 RbU,ع ي ق ٦٤٨٣
2026-05-10,22:44:24,1 JB,ر ب ١
2026-05-10,22:48:06,6 , ٦
2026-05-10,22:50:04,155 EZ,ج هـ ١٥٥
2026-05-10,22:51:20,888 RWb,ع ل ي ٨٨٨
2026-05-10,22:52:14,66 RW,ع ل ٦٦
2026-05-10,22:54:17,6483 RbU,ع ي ق ٦٤٨٣
2026-05-10,22:54:36,1 AZn,ا هـ م ١
2026-05-10,22:56:11,5 , ٥
2026-05-10,22:56:16,1 JB,ر ب ١
2026-05-10,22:56:19,0 , ٠
2026-05-10,22:56:23,3945 PBE,ط ب ج ٣٩٤٥
2026-05-10,22:56:33,2 , ٢
2026-05-10,22:56:42,755 A,ا ٧٥٥
2026-05-10,23:06:17,61 Abn,ا ي م ٦١
2026-05-10,23:06:22,11 AZn,ا هـ م ١١
2026-05-10,23:07:52,4444 EJa,ج ر و ٤٤٤٤
2026-05-10,23:08:07,1 , ١
2026-05-10,23:08:29,77 nLJ,م س ر ٧٧
2026-05-10,23:09:01,788 AYL,ا ن س ٧٨٨
2026-05-10,23:10:20,3333 nAY,م ا ن ٣٣٣٣
2026-05-10,23:10:59,7333 BBB,ب ب ب ٧٣٣٣
2026-05-10,23:11:45,1 nNJ,م ص ر ١
2026-05-10,23:12:14,8 , ٨
2026-05-10,23:12:51,3 , ٣
2026-05-10,23:13:18,4444 EYb,ج ن ي ٤٤٤٤
2026-05-10,23:13:54,11111 DJL,ث ر س ١١١١١
2026-05-10,23:14:55,123 RRR,ع ع ع ١٢٣
2026-05-10,23:15:14,22 WaW,ل و ل ٢٢
2026-05-10,23:16:16,1411 LJE,س ر ج ١٤١١
2026-05-10,23:17:34,57 UT,ق ف ٥٧
2026-05-10,23:18:03,175 Y,ن ١٧٥
2026-05-10,23:18:39,1442 UAb,ق ا ي ١٤٤٢
2026-05-10,23:19:28,24423 UAb,ق ا ي ٢٤٤٢٣
2026-05-10,23:19:38,66 LA,س ا ٦٦
2026-05-10,23:19:43,3333 nAY,م ا ن ٣٣٣٣
2026-05-10,23:19:48,3945 PBE,ط ب ج ٣٩٤٥
2026-05-10,23:19:54,175 Yb,ن ي ١٧٥
2026-05-10,23:20:01,58 UT,ق ف ٥٨
2026-05-10,23:20:19,3,٣
2026-05-10,23:20:46,36 DD,ث ث ٣٦
2026-05-10,23:21:16,8194 WLZA,ل س هـ ا ٨١٩٤
2026-05-10,23:21:43,8194 WZ,ل هـ ٨١٩٤
2026-05-10,23:22:03,766 EJZ,ج ر هـ ٧٦٦
2026-05-10,23:24:17,4391 JZa,ر هـ و ٤٣٩١
2026-05-10,23:24:36,4391 JZa,ر هـ و ٤٣٩١
2026-05-10,23:24:40,4214 HJa,د ر و ٤٢١٤
2026-05-10,23:24:54,1442 UAb,ق ا ي ١٤٤٢
2026-05-10,23:25:00,175 Y,ن ١٧٥
2026-05-10,23:25:17,9528 ETN,ج ف ص ٩٥٢٨
2026-05-10,23:25:58,355 , ٣٥٥
2026-05-10,23:26:12,55 EEN,ج ج ص ٥٥
2026-05-10,23:26:54,3945 PBE,ط ب ج ٣٩٤٥
2026-05-10,23:26:57,15 ZAB,هـ ا ب ١٥
2026-05-10,23:27:11,24423 UAb,ق ا ي ٢٤٤٢٣
2026-05-10,23:27:17,3,٣
2026-05-10,23:27:26,8194 WLZA,ل س هـ ا ٨١٩٤
2026-05-10,23:27:36,4391 JZa,ر هـ و ٤٣٩١
2026-05-10,23:27:42,1 JB,ر ب ١
2026-05-10,23:27:47,1491 LJE,س ر ج ١٤٩١
2026-05-10,23:27:55,6483 RbU,ع ي ق ٦٤٨٣
2026-05-10,23:28:03,36 DD,ث ث ٣٦
2026-05-10,23:28:09,9528 ETN,ج ف ص ٩٥٢٨
2026-05-10,23:28:28,3 DD,ث ث ٣
2026-05-10,23:28:57,546 UEB,ق ج ب ٥٤٦
2026-05-10,23:31:51,7546 UEb,ق ج ي ٧٥٤٦
2026-05-10,23:32:20,4136 AUWR,ا ق ل ع ٤١٣٦
2026-05-10,23:32:46,774778 P,ط ٧٧٤٧٧٨
2026-05-10,23:33:08,3 EE,ج ج ٣
2026-05-10,23:33:24,5291 UaU,ق و ق ٥٢٩١
2026-05-10,23:33:39,7,٧
2026-05-10,23:34:26,46 UEb,ق ج ي ٤٦
2026-05-10,23:34:43,7546 UEb,ق ج ي ٧٥٤٦
2026-05-10,23:35:04,9443 UAb,ق ا ي ٩٤٤٣
2026-05-10,23:35:14,65 P,ط ٦٥
2026-05-10,23:35:21,888 RWb,ع ل ي ٨٨٨
2026-05-10,23:35:25,3945 PBE,ط ب ج ٣٩٤٥
2026-05-10,23:35:31,8 nLJ,م س ر ٨
2026-05-10,23:35:36,8888 AW,ا ل ٨٨٨٨
2026-05-10,23:35:41,10 ZB,هـ ب ١٠
2026-05-10,23:35:48,7 BB,ب ب ٧
2026-05-10,23:35:55,1 JJ,ر ر ١
2026-05-10,23:36:29,7,٧
2026-05-10,23:36:33,774778 P,ط ٧٧٤٧٧٨
2026-05-10,23:36:37,7546 UEb,ق ج ي ٧٥٤٦
2026-05-10,23:36:41,3 D,ث ٣
2026-05-10,23:36:52,10 B,ب ١٠
2026-05-10,23:36:56,10 B,ب ١٠
2026-05-10,23:36:58,765 BaL,ب و س ٧٦٥
2026-05-10,23:37:02,8 nLJ,م س ر ٨
2026-05-10,23:37:06,444 EYb,ج ن ي ٤٤٤
2026-05-10,23:37:12,66483 RbU,ع ي ق ٦٦٤٨٣
2026-05-10,23:37:20,588 RWb,ع ل ي ٥٨٨
2026-05-10,23:37:47,888 RWb,ع ل ي ٨٨٨
2026-05-10,23:38:09,888 RWb,ع ل ي ٨٨٨
2026-05-10,23:38:14,546 UEBB,ق ج ب ب ٥٤٦
2026-05-10,23:38:24,55 ERJ,ج ع ر ٥٥
2026-05-10,23:38:29,2 a,و ٢
2026-05-10,23:38:32,6483 RbU,ع ي ق ٦٤٨٣
2026-05-10,23:38:39,1 , ١
2026-05-10,23:38:43,175 L,س ١٧٥
2026-05-10,23:38:49,11111 DJ,ث ر ١١١١١
2026-05-10,23:39:09,11111 DJL,ث ر س ١١١١١
2026-05-10,23:39:15,1 nNJ,م ص ر ١
2026-05-10,23:39:20,22 WaW,ل و ل ٢٢
2026-05-10,23:39:24,788 AYL,ا ن س ٧٨٨
2026-05-10,23:39:45,888 RWb,ع ل ي ٨٨٨
2026-05-10,23:39:49,7546 UEb,ق ج ي ٧٥٤٦
2026-05-10,23:39:55,8 nLJ,م س ر ٨
2026-05-10,23:39:59,391 JZa,ر هـ و ٣٩١
2026-05-10,23:40:08,66483 RbU,ع ي ق ٦٦٤٨٣
2026-05-10,23:42:10,6483 RbU,ع ي ق ٦٤٨٣
2026-05-10,23:42:15,546 EEb,ج ج ي ٥٤٦
2026-05-10,23:42:20,7214 HaJa,د و ر و ٧٢١٤
2026-05-10,23:42:25,555 BRJ,ب ع ر ٥٥٥
2026-05-10,23:42:31,3945 PBE,ط ب ج ٣٩٤٥
2026-05-10,23:42:36,546 EEb,ج ج ي ٥٤٦
2026-05-10,23:42:39,766 EJZ,ج ر هـ ٧٦٦
2026-05-10,23:42:45,888 RWb,ع ل ي ٨٨٨
2026-05-10,23:42:50,22 WaW,ل و ل ٢٢
2026-05-10,23:42:56,11111 Da,ث و ١١١١١
2026-05-10,23:43:03,4391 JZa,ر هـ و ٤٣٩١
2026-05-10,23:43:11,555 BRJ,ب ع ر ٥٥٥
2026-05-10,23:43:16,123 RRR,ع ع ع ١٢٣
2026-05-10,23:43:36,9528 ETN,ج ف ص ٩٥٢٨
2026-05-10,23:43:47,1442 UAb,ق ا ي ١٤٤٢
2026-05-10,23:44:08,7 LBR,س ب ع ٧
2026-05-10,23:44:13,3 , ٣
2026-05-10,23:44:21,7214 HaJa,د و ر و ٧٢١٤
2026-05-10,23:44:32,44 , ٤٤
2026-05-10,23:44:36,1 nNJ,م ص ر ١
2026-05-10,23:44:41,22 WaW,ل و ل ٢٢
2026-05-10,23:45:17,555 BRJ,ب ع ر ٥٥٥
2026-05-10,23:45:49,1 nNJ,م ص ر ١
2026-05-10,23:45:58,11 AZn,ا هـ م ١١
2026-05-10,23:46:45,5 RJB,ع ر ب ٥
2026-05-10,23:46:49,66483 RbU,ع ي ق ٦٦٤٨٣
2026-05-10,23:47:10,6483 RbU,ع ي ق ٦٤٨٣
2026-05-10,23:47:14,546 Eb,ج ي ٥٤٦
2026-05-10,23:47:19,888 RWb,ع ل ي ٨٨٨
2026-05-10,23:47:23,22 WaW,ل و ل ٢٢
2026-05-10,23:47:27,123 RRR,ع ع ع ١٢٣
2026-05-10,23:47:31,3945 PBE,ط ب ج ٣٩٤٥
2026-05-10,23:47:36,7214 aJa,و ر و ٧٢١٤
2026-05-10,23:47:43,4391 JZa,ر هـ و ٤٣٩١
2026-05-11,00:29:48,8 nNJ,م ص ر ٨
2026-05-11,00:29:56,17 , ١٧
2026-05-11,00:30:03,8888 WYL,ل ن س ٨٨٨٨
2026-05-11,00:30:15,546 UEB,ق ج ب ٥٤٦
2026-05-11,00:30:46,123 RRR,ع ع ع ١٢٣
2026-05-11,00:30:55,4391 JZa,ر هـ و ٤٣٩١
2026-05-11,00:31:02,77566 EJZ,ج ر هـ ٧٧٥٦٦
2026-05-11,00:31:11,81941 LZ,س هـ ٨١٩٤١
2026-05-11,00:31:21,1 AZn,ا هـ م ١
2026-05-11,00:31:28,4444 EYb,ج ن ي ٤٤٤٤
2026-05-11,00:31:36,1111 , ١١١١
2026-05-11,00:31:43,3945 PBE,ط ب ج ٣٩٤٥
2026-05-11,00:31:52,666 , ٦٦٦
2026-05-11,00:32:04,888 RWb,ع ل ي ٨٨٨
2026-05-11,00:32:11,75 BRJ,ب ع ر ٧٥
2026-05-11,00:32:19,6483 RbU,ع ي ق ٦٤٨٣
2026-05-11,00:32:27,877388 W,ل ٨٧٧٣٨٨
2026-05-11,00:33:39,546 UEB,ق ج ب ٥٤٦
2026-05-11,00:34:12,4 , ٤
2026-05-11,00:34:17,546 UEB,ق ج ب ٥٤٦
2026-05-11,00:34:28,66 , ٦٦
2026-05-11,00:34:35, I,ذ 
2026-05-11,00:34:42,777 , ٧٧٧
2026-05-11,00:34:49,111 JA,ر ا ١١١
2026-05-11,00:34:54,123 RRR,ع ع ع ١٢٣
2026-05-11,00:35:01,888 RWb,ع ل ي ٨٨٨
2026-05-11,00:35:06, Z,هـ 
2026-05-11,00:35:12,6483 RbU,ع ي ق ٦٤٨٣
2026-05-11,00:35:18, RJ,ع ر 
2026-05-11,00:35:27,44 EYb,ج ن ي ٤٤
2026-05-11,00:36:00, , 
2026-05-11,00:36:08,8 nNJ,م ص ر ٨
2026-05-11,00:36:15,888 RWb,ع ل ي ٨٨٨
2026-05-11,00:36:20,3945 PBE,ط ب ج ٣٩٤٥
2026-05-11,00:36:25,5 , ٥
2026-05-11,00:36:31,51 Zn,هـ م ٥١
2026-05-11,00:36:58,1 Zn,هـ م ١
2026-05-11,00:37:06,4444 EJa,ج ر و ٤٤٤٤
2026-05-11,00:37:13,66 LLL,س س س ٦٦
2026-05-11,00:37:19,66 LLL,س س س ٦٦
2026-05-11,00:37:22,4391 JZa,ر هـ و ٤٣٩١
2026-05-11,00:37:28,95285 ETN,ج ف ص ٩٥٢٨٥
2026-05-11,00:37:39,7214 HJa,د ر و ٧٢١٤
2026-05-11,00:37:47,877388 W,ل ٨٧٧٣٨٨
2026-05-11,00:37:51,1 JJB,ر ر ب ١
2026-05-11,00:38:17,1 JB,ر ب ١
2026-05-11,00:38:23,1 Zan,هـ و م ١
2026-05-11,00:38:29,8 nNJ,م ص ر ٨
2026-05-11,00:38:33,8888 WYL,ل ن س ٨٨٨٨
2026-05-11,00:38:38,5 HBRJ,د ب ع ر ٥
2026-05-11,00:38:44,888 RWb,ع ل ي ٨٨٨
2026-05-11,00:38:48,3945 PBE,ط ب ج ٣٩٤٥
2026-05-11,00:38:53,9 , ٩
2026-05-11,00:39:00,77516 EJZ,ج ر هـ ٧٧٥١٦
2026-05-11,00:39:09,47214 HJa,د ر و ٤٧٢١٤
2026-05-11,00:40:08,1111 T,ف ١١١١
2026-05-11,00:40:16,4391 JZa,ر هـ و ٤٣٩١
2026-05-11,00:40:22,47214 HJa,د ر و ٤٧٢١٤
2026-05-11,00:40:28,1 Zn,هـ م ١
2026-05-11,00:40:33,1 JB,ر ب ١
2026-05-11,00:40:38,3945 PBE,ط ب ج ٣٩٤٥
2026-05-12,20:22:20,6483 RbU,ع ي ق ٦٤٨٣
2026-05-12,20:22:43,3945 PBE,ط ب ج ٣٩٤٥
2026-05-12,20:22:52,546 UEB,ق ج ب ٥٤٦
2026-05-12,20:23:19,8 nNJ,م ص ر ٨
2026-05-12,20:23:33,4444 EYb,ج ن ي ٤٤٤٤
2026-05-12,20:23:41,1 Zn,هـ م ١
2026-05-12,20:23:56,7 LBR,س ب ع ٧
2026-05-12,20:24:09,7214 HJa,د ر و ٧٢١٤
2026-05-12,20:24:23,1 AZn,ا هـ م ١
2026-05-12,20:25:01,4391 JZa,ر هـ و ٤٣٩١
2026-05-12,20:25:11,4444 EJa,ج ر و ٤٤٤٤
2026-05-12,20:25:24,777 bb,ي ي ٧٧٧
2026-05-12,20:26:10,3333 nAY,م ا ن ٣٣٣٣
2026-05-13,11:03:55,888 WYL,ل ن س ٨٨٨
2026-05-13,11:04:14,6483 RbU,ع ي ق ٦٤٨٣
2026-05-13,11:05:19,777 bb,ي ي ٧٧٧
2026-05-13,21:21:22,546 UEB,ق ج ب ٥٤٦
2026-05-13,21:21:28,31 ATn,ا ف م ٣١
2026-05-13,21:21:34,77 nNJ,م ص ر ٧٧
2026-05-13,21:21:39,7 LBR,س ب ع ٧
2026-05-13,21:21:45,4444 EYE,ج ن ج ٤٤٤٤
2026-05-13,21:21:49,4391 JZa,ر هـ و ٤٣٩١
2026-05-13,21:21:54,8194 LZA,س هـ ا ٨١٩٤
2026-05-13,21:22:02,7214 PJa,ط ر و ٧٢١٤
2026-05-13,21:23:26,4414 EZ,ج هـ ٤٤١٤
2026-05-13,21:23:32,46715 Ub,ق ي ٤٦٧١٥
2026-05-13,21:23:46,7333 BBB,ب ب ب ٧٣٣٣
2026-05-13,21:23:53,765 BaL,ب و س ٧٦٥
2026-05-13,21:23:58,4444 EJa,ج ر و ٤٤٤٤
2026-05-13,21:24:02,3945 PBE,ط ب ج ٣٩٤٥
2026-05-13,21:24:07,9528 ETN,ج ف ص ٩٥٢٨
2026-05-13,21:24:14,24425 VR,ك ع ٢٤٤٢٥
2026-05-13,21:24:23,46715 Ub,ق ي ٤٦٧١٥
2026-05-13,21:24:32,6843 UAb,ق ا ي ٦٨٤٣
2026-05-13,21:24:49,46715 Ub,ق ي ٤٦٧١٥
2026-05-13,21:25:00,1 AZn,ا هـ م ١
2026-05-13,21:25:05,31 ATn,ا ف م ٣١
2026-05-13,21:25:14,9528 ETN,ج ف ص ٩٥٢٨
2026-05-13,21:25:22,24 AB,ا ب ٢٤
2026-05-13,21:25:38,8 nNJ,م ص ر ٨
2026-05-13,21:25:46,4444 EYE,ج ن ج ٤٤٤٤
2026-05-13,21:25:51,27 , ٢٧
2026-05-13,21:26:03,765 BaL,ب و س ٧٦٥
2026-05-13,21:26:14,546 UEB,ق ج ب ٥٤٦
2026-05-13,21:26:23,7616 EJZ,ج ر هـ ٧٦١٦
2026-05-14,06:48:21,7214 PJa,ط ر و ٧٢١٤
2026-05-14,06:50:48,3945 PBE,ط ب ج ٣٩٤٥
2026-05-14,06:50:56,66 BPW,ب ط ل ٦٦
2026-05-14,06:51:01,31 ATn,ا ف م ٣١
2026-05-14,06:51:05,46715 Ub,ق ي ٤٦٧١٥
2026-05-14,06:51:14,7616 EJZ,ج ر ه ٧٦١٦
2026-05-14,06:51:20,6843 UAb,ق ا ي ٦٨٤٣
2026-05-14,06:51:27,8194 LZA,س ه ا ٨١٩٤
2026-05-14,06:51:39,4 , ٤
2026-05-14,06:52:27,88 , ٨٨
2026-05-14,06:52:55,8 BP,ب ط ٨
2026-05-14,06:53:30,44 bJ,ي ر ٤٤
2026-05-14,06:53:58,34 LRL,س ع س ٣٤
2026-05-14,06:54:11,71 RAY,ع ا ن ٧١
2026-05-14,06:54:30,394 LLL,س س س ٣٩٤
2026-05-14,06:55:38,7214 VJa,ك ر و ٧٢١٤
2026-05-14,06:55:43,1 AZn,ا ه م ١
2026-05-14,06:55:49,4391 JZa,ر ه و ٤٣٩١
2026-05-14,06:55:54,8194 LZA,س ه ا ٨١٩٤
2026-05-14,06:56:01,9528 ETN,ج ف ص ٩٥٢٨
2026-05-14,07:01:41,8 nNJ,م ص ر ٨
2026-05-14,07:01:42,988 APL,ا ط س ٩٨٨
2026-05-14,07:01:42,9 , ٩
2026-05-14,07:01:42, U,ق 
2026-05-14,07:03:07,8 nNJ,م ص ر ٨
2026-05-14,07:03:07,988 APL,ا ط س ٩٨٨
2026-05-14,07:03:08,9 , ٩
2026-05-14,07:03:28,8 nNJ,م ص ر ٨
2026-05-14,07:03:28,988 APL,ا ط س ٩٨٨
2026-05-14,07:03:42,24 AB,ا ب ٢٤
2026-05-14,07:03:42,5444 Z,ه ٥٤٤٤
2026-05-14,07:03:42,6 nA,م ا ٦
2026-05-14,07:04:54,377 RbP,ع ي ط ٣٧٧
2026-05-14,07:04:54,684 HNY,د ص ن ٦٨٤
2026-05-14,07:04:54,3647 nU,م ق ٣٦٤٧
2026-05-14,07:04:54,371 JJP,ر ر ط ٣٧١
2026-05-14,07:04:55,0 BD,ب ث ٠
2026-05-14,07:05:32,377 RbP,ع ي ط ٣٧٧
2026-05-14,07:05:32,684 HNY,د ص ن ٦٨٤
2026-05-14,07:05:32,3647 nU,م ق ٣٦٤٧
2026-05-14,07:05:33,371 JJP,ر ر ط ٣٧١
2026-05-14,07:05:33,0 BD,ب ث ٠
2026-05-14,07:06:05,4499 aU,و ق ٤٤٩٩
2026-05-14,07:06:05,44444 T,ف ٤٤٤٤٤
2026-05-14,07:06:06,4444 AEE,ا ج ج ٤٤٤٤
2026-05-14,07:06:06,44447 n,م ٤٤٤٤٧
2026-05-14,07:07:08,4444 AEE,ا ج ج ٤٤٤٤
2026-05-14,07:07:08,44447 n,م ٤٤٤٤٧
2026-05-14,07:07:20,377 RbP,ع ي ط ٣٧٧
2026-05-14,07:07:21,684 HNY,د ص ن ٦٨٤
2026-05-14,07:07:21,3647 nU,م ق ٣٦٤٧
2026-05-14,07:07:21,371 JJP,ر ر ط ٣٧١
2026-05-14,07:07:21,0 BD,ب ث ٠
2026-05-14,07:07:45,377 RbP,ع ي ط ٣٧٧
2026-05-14,07:07:45,684 HNY,د ص ن ٦٨٤
2026-05-14,07:07:45,3647 nU,م ق ٣٦٤٧
2026-05-14,07:07:46,371 JJP,ر ر ط ٣٧١
2026-05-14,07:07:46,0 BD,ب ث ٠
2026-05-14,07:07:52,8 nNJ,م ص ر ٨
2026-05-14,07:07:52,95188 AWL,ا ل س ٩٥١٨٨
2026-05-14,07:08:08,8 nNJ,م ص ر ٨
2026-05-14,07:08:08,988 APL,ا ط س ٩٨٨
2026-05-16,11:42:56,777 Z,ه ٧٧٧
2026-05-16,11:43:26,6925 VRB,ك ع ب ٦٩٢٥
2026-05-16,11:43:34,6483 RbU,ع ي ق ٦٤٨٣
2026-05-16,11:43:45,3945 VBE,ك ب ج ٣٩٤٥
2026-05-16,11:44:48,3945 PBE,ط ب ج ٣٩٤٥
2026-05-16,11:45:37,3994 LBL,س ب س ٣٩٩٤
2026-05-16,11:45:47,25945 LL,س س ٢٥٩٤٥
2026-05-16,11:46:33,395 YPB,ن ط ب ٣٩٥
2026-05-16,11:47:07,395 YPB,ن ط ب ٣٩٥
2026-05-16,11:47:39,395 YPB,ن ط ب ٣٩٥
2026-05-16,11:48:59,295 BB,ب ب ٢٩٥
2026-05-16,11:49:09,695 YPB,ن ط ب ٦٩٥
2026-05-16,11:49:23,395 YPB,ن ط ب ٣٩٥
2026-05-16,21:02:19,3945 PBE,ط ب ج ٣٩٤٥
2026-05-16,21:02:23,6925 PEB,ط ج ب ٦٩٢٥
2026-05-16,21:02:31,7546 UE,ق ج ٧٥٤٦
2026-05-16,21:02:41,66 BPW,ب ط ل ٦٦
2026-05-16,21:02:44,7333 BBB,ب ب ب ٧٣٣٣
2026-05-16,21:47:11,3 9 4 ج ب ط ط,٣ ٩ ٤
2026-05-16,21:47:21,3 3 3 3 3 ب ب ب,٣ ٣ ٣ ٣ ٣
2026-05-16,21:48:45,888 يلع, ٨٨٨
2026-05-16,21:49:11,6483 قيع, ٦٤٨٣
2026-05-16,21:51:09,888 علي, - ٨٨٨
2026-05-16,21:52:44,6483 عيق, - ٦٤٨٣
2026-05-16,21:54:34,6483 عيق, &nbsp; &nbsp; - &nbsp; &nbsp; ٦ &nbsp; ٤ &nbsp; ٨ &nbsp; ٣
2026-05-16,21:58:49,6483 عيق, - ٦ ٤ ٨ ٣
2026-05-16,21:58:58,6483 عيق, - ٦ ٤ ٨ ٣
2026-05-16,22:01:29,6483 عيق, - ٦ ٤ ٨ ٣
2026-05-16,22:02:11,6483 عيق,  -  ٦ ٤ ٨ ٣
2026-05-16,22:04:56,6483 عيق,- ٦  ٤  ٨  ٣
2026-05-16,22:07:35,6483 عيق, - ٦ ٤ ٨ ٣
2026-05-16,22:08:16,394 ططبج, - ٣ ٩ ٤
2026-05-16,22:08:22,8 مصو, - ٨
2026-05-16,22:11:46,6483 عيق, - ٦ ٤ ٨ ٣
2026-05-16,22:12:51,4475 رع, - ٤ ٤ ٧ ٥
2026-05-16,22:16:05,6483 KYE,ق ي ع - ٦ ٤ ٨ ٣
2026-05-16,22:17:45,6483 KYE,ع ي ق ٣ ٨ ٤ ٦
2026-05-16,22:18:22,6483 KYE,ع ي ق ٣ ٨ ٤ ٦
2026-05-16,22:18:31,394 GBT,ط ب ج ٤ ٩ ٣
2026-05-16,22:18:38,8888 SN,ن س ٨ ٨ ٨ ٨
2026-05-16,22:20:41,6483 KYE,ع ي ق ٣ ٨ ٤ ٦
